{
    "openapi": "3.0.0",
    "info": {
        "title": "Dental Clinic API",
        "description": "API documentation for the Dental Clinic system",
        "contact": {
            "name": "Support Team",
            "email": "support@yourclinic.com"
        },
        "version": "1.0.0"
    },
    "servers": [
        {
            "url": "http://localhost:8000/api/v1",
            "description": "Main API Server"
        }
    ],
    "paths": {
        "/api/v1/login": {
            "post": {
                "tags": [
                    "Authentication"
                ],
                "summary": "Login with username and password",
                "operationId": "login",
                "requestBody": {
                    "required": true,
                    "content": {
                        "application/json": {
                            "schema": {
                                "required": [
                                    "username",
                                    "password"
                                ],
                                "properties": {
                                    "username": {
                                        "type": "string",
                                        "example": "john_doe"
                                    },
                                    "password": {
                                        "type": "string",
                                        "example": "123456"
                                    }
                                },
                                "type": "object"
                            }
                        }
                    }
                },
                "responses": {
                    "200": {
                        "description": "Successful login",
                        "content": {
                            "application/json": {
                                "schema": {
                                    "properties": {
                                        "success": {
                                            "type": "boolean",
                                            "example": true
                                        },
                                        "message": {
                                            "type": "string",
                                            "example": "LOGIN SUCCESS"
                                        },
                                        "data": {
                                            "properties": {
                                                "user": {
                                                    "$ref": "#/components/schemas/UserResource"
                                                },
                                                "token": {
                                                    "type": "string",
                                                    "example": "1|abc123xyz..."
                                                }
                                            },
                                            "type": "object"
                                        }
                                    },
                                    "type": "object"
                                }
                            }
                        }
                    },
                    "401": {
                        "description": "Invalid credentials",
                        "content": {
                            "application/json": {
                                "schema": {
                                    "properties": {
                                        "success": {
                                            "type": "boolean",
                                            "example": false
                                        },
                                        "message": {
                                            "type": "string",
                                            "example": "invalid credentials"
                                        },
                                        "error_code": {
                                            "type": "integer",
                                            "example": 1001
                                        }
                                    },
                                    "type": "object"
                                }
                            }
                        }
                    }
                }
            }
        },
        "/api/v1/logout": {
            "post": {
                "tags": [
                    "Authentication"
                ],
                "summary": "Logout the authenticated user",
                "operationId": "logout",
                "responses": {
                    "200": {
                        "description": "Successfully logged out",
                        "content": {
                            "application/json": {
                                "schema": {
                                    "properties": {
                                        "success": {
                                            "type": "boolean",
                                            "example": true
                                        },
                                        "message": {
                                            "type": "string",
                                            "example": "Successfully logged out."
                                        }
                                    },
                                    "type": "object"
                                }
                            }
                        }
                    },
                    "401": {
                        "description": "Unauthorized",
                        "content": {
                            "application/json": {
                                "schema": {
                                    "properties": {
                                        "success": {
                                            "type": "boolean",
                                            "example": false
                                        },
                                        "message": {
                                            "type": "string",
                                            "example": "Unauthenticated."
                                        }
                                    },
                                    "type": "object"
                                }
                            }
                        }
                    }
                },
                "security": [
                    {
                        "bearerAuth": []
                    }
                ]
            }
        },
        "/api/v1/change-password": {
            "post": {
                "tags": [
                    "Authentication"
                ],
                "summary": "Change the authenticated user's password",
                "operationId": "changePassword",
                "requestBody": {
                    "required": true,
                    "content": {
                        "application/json": {
                            "schema": {
                                "required": [
                                    "old_password",
                                    "new_password"
                                ],
                                "properties": {
                                    "old_password": {
                                        "type": "string",
                                        "example": "123456"
                                    },
                                    "new_password": {
                                        "type": "string",
                                        "example": "654321"
                                    }
                                },
                                "type": "object"
                            }
                        }
                    }
                },
                "responses": {
                    "200": {
                        "description": "Password changed successfully",
                        "content": {
                            "application/json": {
                                "schema": {
                                    "properties": {
                                        "success": {
                                            "type": "boolean",
                                            "example": true
                                        },
                                        "message": {
                                            "type": "string",
                                            "example": "You have changed your password successfully"
                                        }
                                    },
                                    "type": "object"
                                }
                            }
                        }
                    },
                    "400": {
                        "description": "Wrong old password",
                        "content": {
                            "application/json": {
                                "schema": {
                                    "properties": {
                                        "success": {
                                            "type": "boolean",
                                            "example": false
                                        },
                                        "message": {
                                            "type": "string",
                                            "example": "you enter the wrong password"
                                        },
                                        "error_code": {
                                            "type": "integer",
                                            "example": 1002
                                        }
                                    },
                                    "type": "object"
                                }
                            }
                        }
                    },
                    "401": {
                        "description": "Unauthorized",
                        "content": {
                            "application/json": {
                                "schema": {
                                    "properties": {
                                        "success": {
                                            "type": "boolean",
                                            "example": false
                                        },
                                        "message": {
                                            "type": "string",
                                            "example": "Unauthenticated."
                                        }
                                    },
                                    "type": "object"
                                }
                            }
                        }
                    }
                },
                "security": [
                    {
                        "bearerAuth": []
                    }
                ]
            }
        },
        "/api/v1/profile": {
            "get": {
                "tags": [
                    "User"
                ],
                "summary": "Get authenticated user's profile",
                "operationId": "getProfile",
                "responses": {
                    "200": {
                        "description": "Returns the authenticated user's profile",
                        "content": {
                            "application/json": {
                                "schema": {
                                    "properties": {
                                        "success": {
                                            "type": "boolean",
                                            "example": true
                                        },
                                        "message": {
                                            "type": "string",
                                            "example": ""
                                        },
                                        "data": {
                                            "$ref": "#/components/schemas/UserResource"
                                        }
                                    },
                                    "type": "object"
                                }
                            }
                        }
                    },
                    "401": {
                        "description": "Unauthenticated",
                        "content": {
                            "application/json": {
                                "schema": {
                                    "properties": {
                                        "success": {
                                            "type": "boolean",
                                            "example": false
                                        },
                                        "message": {
                                            "type": "string",
                                            "example": "Unauthenticated."
                                        }
                                    },
                                    "type": "object"
                                }
                            }
                        }
                    }
                },
                "security": [
                    {
                        "bearerAuth": []
                    }
                ]
            }
        },
        "/api/v1/update-profile": {
            "post": {
                "tags": [
                    "User"
                ],
                "summary": "Update authenticated user's profile",
                "operationId": "updateProfile",
                "requestBody": {
                    "required": true,
                    "content": {
                        "application/json": {
                            "schema": {
                                "properties": {
                                    "name": {
                                        "type": "string",
                                        "example": "John Doe"
                                    },
                                    "email": {
                                        "type": "string",
                                        "example": "john@example.com"
                                    },
                                    "phone": {
                                        "type": "string",
                                        "example": "+123456789"
                                    },
                                    "image": {
                                        "description": "Optional. Upload a new avatar image or pass null to remove existing.",
                                        "type": "string",
                                        "format": "binary"
                                    }
                                },
                                "type": "object"
                            }
                        }
                    }
                },
                "responses": {
                    "200": {
                        "description": "Profile updated successfully",
                        "content": {
                            "application/json": {
                                "schema": {
                                    "properties": {
                                        "success": {
                                            "type": "boolean",
                                            "example": true
                                        },
                                        "message": {
                                            "type": "string",
                                            "example": "Updated successfully"
                                        },
                                        "data": {
                                            "$ref": "#/components/schemas/UserResource"
                                        }
                                    },
                                    "type": "object"
                                }
                            }
                        }
                    },
                    "422": {
                        "description": "Validation error",
                        "content": {
                            "application/json": {
                                "schema": {
                                    "properties": {
                                        "success": {
                                            "type": "boolean",
                                            "example": false
                                        },
                                        "message": {
                                            "type": "string",
                                            "example": "Validation failed."
                                        },
                                        "validation_errors": {
                                            "type": "object"
                                        }
                                    },
                                    "type": "object"
                                }
                            }
                        }
                    },
                    "401": {
                        "description": "Unauthenticated",
                        "content": {
                            "application/json": {
                                "schema": {
                                    "properties": {
                                        "success": {
                                            "type": "boolean",
                                            "example": false
                                        },
                                        "message": {
                                            "type": "string",
                                            "example": "Unauthenticated."
                                        }
                                    },
                                    "type": "object"
                                }
                            }
                        }
                    }
                },
                "security": [
                    {
                        "bearerAuth": []
                    }
                ]
            }
        },
        "/api/v1/roles": {
            "get": {
                "tags": [
                    "Users"
                ],
                "summary": "Get a list of all roles",
                "operationId": "getRoles",
                "responses": {
                    "200": {
                        "description": "List of roles",
                        "content": {
                            "application/json": {
                                "schema": {
                                    "properties": {
                                        "success": {
                                            "type": "boolean",
                                            "example": true
                                        },
                                        "message": {
                                            "type": "string",
                                            "example": "Roles retrieved successfully"
                                        },
                                        "data": {
                                            "type": "array",
                                            "items": {
                                                "$ref": "#/components/schemas/RoleResource"
                                            }
                                        }
                                    },
                                    "type": "object"
                                }
                            }
                        }
                    },
                    "401": {
                        "description": "Unauthenticated",
                        "content": {
                            "application/json": {
                                "schema": {
                                    "properties": {
                                        "success": {
                                            "type": "boolean",
                                            "example": false
                                        },
                                        "message": {
                                            "type": "string",
                                            "example": "Unauthenticated."
                                        }
                                    },
                                    "type": "object"
                                }
                            }
                        }
                    }
                },
                "security": [
                    {
                        "bearerAuth": []
                    }
                ]
            }
        },
        "/api/v1/users": {
            "get": {
                "tags": [
                    "Users"
                ],
                "summary": "Get a list of all users in the system",
                "operationId": "getUsers",
                "responses": {
                    "200": {
                        "description": "List of users",
                        "content": {
                            "application/json": {
                                "schema": {
                                    "properties": {
                                        "success": {
                                            "type": "boolean",
                                            "example": true
                                        },
                                        "data": {
                                            "type": "array",
                                            "items": {
                                                "$ref": "#/components/schemas/UserResource"
                                            }
                                        },
                                        "message": {
                                            "type": "string",
                                            "example": "Users retrieved successfully"
                                        }
                                    },
                                    "type": "object"
                                }
                            }
                        }
                    },
                    "401": {
                        "description": "Unauthorized",
                        "content": {
                            "application/json": {
                                "schema": {
                                    "properties": {
                                        "success": {
                                            "type": "boolean",
                                            "example": false
                                        },
                                        "message": {
                                            "type": "string",
                                            "example": "Unauthenticated."
                                        }
                                    },
                                    "type": "object"
                                }
                            }
                        }
                    }
                },
                "security": [
                    {
                        "bearerAuth": []
                    }
                ]
            },
            "post": {
                "tags": [
                    "Users"
                ],
                "summary": "Create a new user",
                "operationId": "createUser",
                "requestBody": {
                    "required": true,
                    "content": {
                        "application/json": {
                            "schema": {
                                "required": [
                                    "username",
                                    "name",
                                    "email",
                                    "roles"
                                ],
                                "properties": {
                                    "username": {
                                        "type": "string",
                                        "example": "john_doe"
                                    },
                                    "name": {
                                        "type": "string",
                                        "example": "John Doe"
                                    },
                                    "email": {
                                        "type": "string",
                                        "format": "email",
                                        "example": "john@example.com"
                                    },
                                    "phone": {
                                        "type": "string",
                                        "example": "+123456789"
                                    },
                                    "roles": {
                                        "description": "Array of role IDs assigned to the user",
                                        "type": "array",
                                        "items": {
                                            "type": "integer",
                                            "example": 2
                                        }
                                    }
                                },
                                "type": "object"
                            }
                        }
                    }
                },
                "responses": {
                    "201": {
                        "description": "User created successfully",
                        "content": {
                            "application/json": {
                                "schema": {
                                    "properties": {
                                        "success": {
                                            "type": "boolean",
                                            "example": true
                                        },
                                        "message": {
                                            "type": "string",
                                            "example": "User created successfully"
                                        },
                                        "data": {
                                            "$ref": "#/components/schemas/UserResource"
                                        }
                                    },
                                    "type": "object"
                                }
                            }
                        }
                    },
                    "422": {
                        "description": "Validation error",
                        "content": {
                            "application/json": {
                                "schema": {
                                    "properties": {
                                        "success": {
                                            "type": "boolean",
                                            "example": false
                                        },
                                        "message": {
                                            "type": "string",
                                            "example": "Validation failed."
                                        },
                                        "validation_errors": {
                                            "type": "object"
                                        }
                                    },
                                    "type": "object"
                                }
                            }
                        }
                    },
                    "401": {
                        "description": "Unauthorized",
                        "content": {
                            "application/json": {
                                "schema": {
                                    "properties": {
                                        "success": {
                                            "type": "boolean",
                                            "example": false
                                        },
                                        "message": {
                                            "type": "string",
                                            "example": "Unauthenticated."
                                        }
                                    },
                                    "type": "object"
                                }
                            }
                        }
                    }
                },
                "security": [
                    {
                        "bearerAuth": []
                    }
                ]
            }
        },
        "/api/v1/users/toggle-user-activity/{user}": {
            "patch": {
                "tags": [
                    "Users"
                ],
                "summary": "Toggle the active status of a user",
                "operationId": "toggleUserActivity",
                "parameters": [
                    {
                        "name": "user",
                        "in": "path",
                        "description": "ID of the user to toggle activity",
                        "required": true,
                        "schema": {
                            "type": "integer",
                            "example": 1
                        }
                    }
                ],
                "responses": {
                    "400": {
                        "description": "Not implemented",
                        "content": {
                            "application/json": {
                                "schema": {
                                    "properties": {
                                        "success": {
                                            "type": "boolean",
                                            "example": false
                                        },
                                        "message": {
                                            "type": "string",
                                            "example": "you have not implemented it yet"
                                        },
                                        "data": {
                                            "$ref": "#/components/schemas/UserResource"
                                        }
                                    },
                                    "type": "object"
                                }
                            }
                        }
                    },
                    "401": {
                        "description": "Unauthenticated",
                        "content": {
                            "application/json": {
                                "schema": {
                                    "properties": {
                                        "success": {
                                            "type": "boolean",
                                            "example": false
                                        },
                                        "message": {
                                            "type": "string",
                                            "example": "Unauthenticated."
                                        }
                                    },
                                    "type": "object"
                                }
                            }
                        }
                    }
                },
                "security": [
                    {
                        "bearerAuth": []
                    }
                ]
            }
        },
        "/api/v1/users/reset-user-password/{user}": {
            "post": {
                "tags": [
                    "Users"
                ],
                "summary": "Reset a user's password to the default",
                "operationId": "resetUserPassword",
                "parameters": [
                    {
                        "name": "user",
                        "in": "path",
                        "description": "ID of the user whose password will be reset",
                        "required": true,
                        "schema": {
                            "type": "integer",
                            "example": 1
                        }
                    }
                ],
                "responses": {
                    "200": {
                        "description": "Password reset successfully",
                        "content": {
                            "application/json": {
                                "schema": {
                                    "properties": {
                                        "success": {
                                            "type": "boolean",
                                            "example": true
                                        },
                                        "message": {
                                            "type": "string",
                                            "example": "Password for user John Doe has changed successfully"
                                        }
                                    },
                                    "type": "object"
                                }
                            }
                        }
                    },
                    "401": {
                        "description": "Unauthenticated",
                        "content": {
                            "application/json": {
                                "schema": {
                                    "properties": {
                                        "success": {
                                            "type": "boolean",
                                            "example": false
                                        },
                                        "message": {
                                            "type": "string",
                                            "example": "Unauthenticated."
                                        }
                                    },
                                    "type": "object"
                                }
                            }
                        }
                    }
                },
                "security": [
                    {
                        "bearerAuth": []
                    }
                ]
            }
        },
        "/api/v1/users/set-default-avatar": {
            "post": {
                "tags": [
                    "Users"
                ],
                "summary": "Update the global default avatar image",
                "operationId": "setDefaultAvatar",
                "requestBody": {
                    "required": true,
                    "content": {
                        "multipart/form-data": {
                            "schema": {
                                "required": [
                                    "image"
                                ],
                                "properties": {
                                    "image": {
                                        "description": "The new default avatar image file",
                                        "type": "string",
                                        "format": "binary"
                                    }
                                },
                                "type": "object"
                            }
                        }
                    }
                },
                "responses": {
                    "200": {
                        "description": "Global default avatar updated successfully",
                        "content": {
                            "application/json": {
                                "schema": {
                                    "properties": {
                                        "success": {
                                            "type": "boolean",
                                            "example": true
                                        },
                                        "message": {
                                            "type": "string",
                                            "example": "Global default avatar updated successfully"
                                        },
                                        "data": {
                                            "properties": {
                                                "default_path": {
                                                    "type": "string",
                                                    "example": "http://localhost:8000/storage/avatars/default.png"
                                                }
                                            },
                                            "type": "object"
                                        }
                                    },
                                    "type": "object"
                                }
                            }
                        }
                    },
                    "401": {
                        "description": "Unauthenticated",
                        "content": {
                            "application/json": {
                                "schema": {
                                    "properties": {
                                        "success": {
                                            "type": "boolean",
                                            "example": false
                                        },
                                        "message": {
                                            "type": "string",
                                            "example": "Unauthenticated."
                                        }
                                    },
                                    "type": "object"
                                }
                            }
                        }
                    }
                },
                "security": [
                    {
                        "bearerAuth": []
                    }
                ]
            }
        }
    },
    "components": {
        "schemas": {
            "RoleResource": {
                "title": "Role Resource",
                "properties": {
                    "id": {
                        "type": "integer",
                        "example": 1
                    },
                    "name": {
                        "type": "string",
                        "example": "dentist"
                    },
                    "description": {
                        "type": "string",
                        "example": "Performs dental treatments"
                    }
                },
                "type": "object"
            },
            "UserResource": {
                "title": "User Resource",
                "description": "User details returned by the API",
                "properties": {
                    "id": {
                        "type": "integer",
                        "example": 1
                    },
                    "username": {
                        "type": "string",
                        "example": "john_doe"
                    },
                    "name": {
                        "type": "string",
                        "example": "John Doe"
                    },
                    "email": {
                        "type": "string",
                        "example": "john@example.com"
                    },
                    "image": {
                        "type": "string",
                        "example": "http://localhost:8000/storage/avatars/john.png"
                    },
                    "phone": {
                        "type": "string",
                        "example": "+123456789"
                    },
                    "roles": {
                        "type": "array",
                        "items": {
                            "type": "string",
                            "example": "dentist"
                        }
                    },
                    "is_active": {
                        "type": "boolean",
                        "example": true
                    },
                    "must_change_password": {
                        "type": "boolean",
                        "example": false
                    }
                },
                "type": "object"
            }
        },
        "securitySchemes": {
            "bearerAuth": {
                "type": "http",
                "bearerFormat": "JWT",
                "scheme": "bearer"
            }
        }
    },
    "tags": [
        {
            "name": "Authentication",
            "description": "Endpoints related to user authentication and password management"
        },
        {
            "name": "User",
            "description": "Endpoints related to authenticated user's profile"
        },
        {
            "name": "Users",
            "description": "Endpoints related to users management such as create user, or deactivate him"
        }
    ]
}